,contractSymbol,lastTradeDate,currentPrice,expirationPrice,shortStrike,shortBid,shortAsk,longStrike,longBid,longAsk,premium,cost,net
0,AAPL250912P00237500,2025-09-05,239.69,233.11,237.5,1.94,1.96,235.0,1.17,1.19,75.0,0.0,75.0
1,AAPL250919P00232500,2025-09-12,233.11,245.2869,232.5,2.07,2.09,230.0,1.28,1.29,77.99999999999999,250.0,-172.0
2,AAPL250926P00245000,2025-09-19,245.2869,250.93,245.0,3.15,3.2,242.5,2.04,2.07,108.0,250.0,-142.0
3,AAPL251024P00250000,2025-10-17,250.93,271.58,250.0,3.15,3.25,247.5,2.26,2.29,85.99999999999999,250.0,-164.0
4,AAPL251107P00270000,2025-10-31,271.58,268.88,270.0,2.46,2.5,267.5,1.65,1.68,78.0,0.0,78.0
5,AAPL251114P00267500,2025-11-07,268.88,278.84,267.5,3.0,3.1,265.0,2.14,2.18,81.99999999999999,250.0,-168.0
6,AAPL251205P00277500,2025-11-28,278.84,279.42,277.5,2.76,2.82,275.0,1.75,1.78,97.99999999999997,250.0,-152.00000000000003
7,AAPL251212P00277500,2025-12-05,279.42,278.805,277.5,2.43,2.46,275.0,1.58,1.6,83.0,0.0,83.0
8,AAPL251219P00277500,2025-12-12,278.805,271.4,277.5,2.68,2.72,275.0,1.77,1.79,89.00000000000001,0.0,89.00000000000001
